,Date,ADANIPORTS,ADANIPOWER,APOLLOHOSP,ASIANPAINT,AUROPHARMA,BAJFINANCE,BALKRISIND,BANKBARODA,BERGEPAINT,BAJAJFINSV,CENTURYTEX,CUMMINSIND,ENGINERSIN,FEDERALBNK,IDFCFIRSTB,CASTROLIND,INDUSINDBK,JINDALSTEL,MCDOWELL-N,MOTHERSUMI,MUTHOOTFIN,NATIONALUM,ICICIPRULI,PIDILITIND,RELCAPITAL,SRTRANSFIN,TORNTPOWER,AMARAJABAT,APOLLOTYRE,BAJAJ-AUTO,BHARATFORG,HEROMOTOCO,HINDUNILVR,IBULHSGFIN,MANAPPURAM,TORNTPHARM,ULTRACEMCO,BHARTIARTL,KAJARIACER,TATAMOTORS,TATAMTRDVR
0,2021-06-01,798.200012,95.349998,3239.800049,2931.0,970.299988,5784.799805,2175.300049,79.349998,798.25,11829.900391,497.5,779.849976,83.150002,85.75,57.549999,132.399994,1010.049988,396.5,612.400024,237.300003,1308.900024,72.349998,552.0,2067.100098,14.7,1411.300049,432.5,739.099976,221.800003,4238.950195,666.650024,2976.75,2358.300049,221.699997,160.699997,2785.649902,6601.350098,532.900024,966.099976,318.100006,143.800003
1,2021-06-02,811.5,96.400002,3273.600098,2903.699951,966.450012,5808.649902,2229.399902,81.199997,793.950012,11823.599609,503.5,794.349976,85.300003,87.599998,60.950001,131.899994,1028.0,398.799988,616.099976,269.100006,1414.900024,72.849998,566.099976,2064.449951,15.4,1430.050049,435.600006,741.349976,229.949997,4295.049805,697.5,2972.600098,2358.800049,226.949997,163.800003,2795.0,6594.200195,529.5,968.400024,323.0,147.850006
2,2021-06-03,825.299988,100.75,3425.649902,2935.350098,967.849976,5901.5,2218.899902,81.800003,800.549988,11819.849609,504.5,809.049988,84.900002,88.0,60.650002,133.949997,1005.75,397.399994,614.200012,250.550003,1511.699951,73.050003,569.700012,2080.449951,16.15,1417.699951,439.350006,752.799988,230.899994,4273.350098,695.900024,3008.350098,2363.25,228.800003,164.5,2775.199951,6641.700195,532.049988,997.900024,325.649994,148.949997
3,2021-06-04,833.849976,105.75,3380.149902,2924.899902,959.049988,5993.450195,2213.199951,81.849998,796.349976,12155.650391,508.899994,810.700012,84.25,87.849998,59.799999,141.050003,1009.299988,398.600006,629.349976,252.050003,1509.349976,72.75,578.25,2079.399902,16.049999,1423.199951,431.399994,758.599976,230.600006,4250.049805,750.900024,3048.399902,2342.050049,261.350006,162.449997,2811.550049,6664.299805,532.700012,989.549988,334.950012,151.899994
4,2021-06-07,878.599976,126.900002,3315.300049,2933.100098,959.5,5729.75,2244.649902,82.900002,810.650024,11828.549805,518.75,812.950012,88.199997,87.550003,60.400002,153.300003,1025.199951,404.75,633.349976,253.350006,1513.150024,74.199997,582.150024,2084.399902,16.85,1487.449951,461.200012,760.5,237.399994,4249.75,750.0,3052.25,2339.300049,247.800003,165.399994,2824.800049,6849.649902,536.450012,992.049988,345.5,156.350006
5,2021-06-08,874.200012,151.75,3289.449951,2926.25,972.099976,5755.399902,2253.75,81.800003,806.950012,11733.099609,562.549988,816.400024,87.849998,86.199997,59.349998,150.350006,1020.150024,401.75,639.950012,252.350006,1491.300049,72.699997,573.700012,2074.75,17.65,1489.099976,468.5,756.150024,236.100006,4269.899902,757.650024,3055.949951,2359.0,251.899994,166.5,2834.350098,6794.399902,546.799988,1001.849976,352.75,163.600006
6,2021-06-09,852.599976,152.350006,3305.899902,2943.550049,958.950012,5674.5,2248.75,81.849998,802.5,11558.849609,552.900024,825.549988,83.699997,84.5,59.700001,147.149994,1003.549988,397.649994,632.599976,247.199997,1469.099976,70.449997,571.150024,2076.050049,18.5,1437.050049,474.700012,755.049988,235.550003,4224.5,756.299988,3023.5,2356.0,262.149994,162.75,2798.649902,6724.75,540.0,996.400024,343.350006,159.699997
7,2021-06-10,846.75,154.100006,3325.699951,2950.600098,964.0,6086.399902,2269.300049,84.75,809.099976,11993.099609,573.599976,839.599976,84.5,86.449997,60.349998,148.199997,1024.349976,405.450012,644.349976,246.699997,1482.050049,71.199997,581.400024,2132.25,19.4,1470.0,470.850006,759.349976,240.800003,4179.899902,758.349976,3009.0,2378.800049,285.399994,164.199997,2859.800049,6709.649902,545.150024,996.950012,344.75,161.449997
8,2021-06-11,839.75,148.300003,3336.550049,2956.25,1009.799988,6120.0,2241.899902,84.449997,806.099976,11907.5,575.450012,833.099976,83.900002,86.050003,60.049999,149.399994,1015.099976,421.100006,646.049988,244.649994,1474.349976,72.150002,579.75,2116.949951,20.35,1475.349976,464.649994,757.349976,238.75,4172.5,747.900024,3004.350098,2366.5,287.350006,164.600006,2879.800049,6662.850098,540.849976,1021.849976,350.75,161.600006
9,2021-06-14,768.450012,140.899994,3350.199951,2949.899902,994.299988,6194.149902,2272.5,84.949997,809.650024,11926.150391,569.650024,829.900024,83.900002,85.300003,59.450001,149.800003,1024.300049,425.100006,647.75,245.25,1503.5,71.800003,587.900024,2114.949951,21.35,1477.0,458.799988,769.299988,237.399994,4146.5,740.700012,2985.649902,2364.600098,298.5,165.350006,2979.75,6678.5,539.349976,1017.599976,355.950012,165.899994
10,2021-06-15,761.849976,133.899994,3298.300049,3042.199951,993.75,6161.149902,2274.550049,85.099998,823.75,11798.700195,583.349976,846.549988,84.099998,86.0,59.599998,147.850006,1034.449951,422.5,652.75,245.949997,1516.75,71.849998,587.599976,2137.149902,22.4,1450.650024,462.549988,784.549988,235.199997,4138.100098,741.5,3007.050049,2391.949951,308.5,168.300003,2927.649902,6668.299805,542.5,994.849976,352.700012,165.0
11,2021-06-16,706.700012,127.25,3294.199951,3018.699951,987.599976,6081.600098,2244.550049,84.400002,817.900024,11856.150391,581.349976,848.900024,83.650002,84.949997,58.549999,150.050003,1013.700012,407.350006,652.25,245.399994,1514.650024,69.949997,577.799988,2131.050049,23.5,1433.849976,467.799988,772.049988,233.0,4110.450195,731.849976,2975.399902,2407.899902,298.799988,167.699997,2890.199951,6587.399902,536.75,995.099976,349.350006,162.399994
12,2021-06-17,646.900024,120.900002,3240.600098,3060.300049,961.700012,6050.25,2304.100098,81.900002,820.299988,11818.549805,567.950012,839.400024,82.5,85.349998,57.799999,147.800003,984.049988,395.5,662.700012,239.600006,1482.699951,68.650002,589.950012,2127.350098,24.65,1411.400024,457.399994,763.400024,229.899994,4053.899902,725.049988,2914.100098,2417.699951,283.700012,163.399994,2953.899902,6704.850098,528.650024,974.5,345.649994,160.800003
13,2021-06-18,694.349976,114.900002,3221.5,3047.199951,952.450012,6087.049805,2292.0,80.199997,825.599976,11999.349609,566.150024,833.049988,81.0,83.849998,57.599998,147.199997,995.400024,388.350006,672.75,236.899994,1472.400024,67.650002,580.0,2125.550049,25.85,1380.0,455.350006,748.0,227.199997,4167.100098,726.849976,2891.350098,2482.899902,278.899994,160.199997,2897.699951,6693.899902,538.75,962.5,337.399994,154.949997
14,2021-06-21,731.049988,120.599998,3238.0,3068.550049,954.75,6116.0,2245.100098,82.400002,827.75,12156.400391,574.799988,824.900024,80.900002,85.349998,58.450001,146.949997,1007.549988,381.950012,671.150024,236.5,1486.75,68.800003,579.299988,2150.899902,27.1,1382.900024,463.350006,750.0,226.100006,4182.649902,729.599976,2894.850098,2514.350098,276.899994,160.649994,2920.399902,6775.5,539.599976,970.549988,334.299988,156.449997
15,2021-06-22,742.900024,126.599998,3258.199951,3010.800049,952.599976,6016.799805,2206.850098,81.849998,808.400024,12131.650391,592.799988,833.349976,81.900002,84.599998,58.099998,147.0,1000.099976,388.700012,673.849976,237.75,1506.699951,69.199997,602.450012,2147.850098,28.450001,1371.699951,458.75,747.049988,224.800003,4221.600098,741.200012,2907.050049,2490.25,275.549988,162.100006,2924.949951,6858.950195,536.400024,963.700012,337.899994,159.600006
16,2021-06-23,718.700012,125.949997,3244.800049,2987.350098,944.400024,6015.600098,2195.899902,82.300003,806.099976,12282.25,603.25,825.549988,81.599998,84.800003,57.75,145.75,999.549988,385.200012,663.700012,237.949997,1478.800049,69.0,605.349976,2133.149902,29.85,1366.800049,457.5,750.0,224.149994,4198.600098,730.849976,2928.350098,2480.5,268.149994,161.800003,2903.699951,6903.350098,534.049988,963.400024,335.25,156.350006
17,2021-06-24,709.900024,119.699997,3203.25,3043.25,938.200012,6043.600098,2242.449951,80.849998,813.200012,12333.25,602.150024,831.849976,80.849998,84.849998,56.900002,144.350006,1000.650024,386.399994,675.150024,236.100006,1466.150024,68.449997,601.049988,2156.149902,28.4,1363.900024,447.450012,741.299988,219.850006,4226.899902,735.549988,2906.949951,2490.149902,264.450012,160.050003,2885.300049,6961.950195,528.75,984.650024,334.649994,155.100006
18,2021-06-25,712.200012,116.75,3439.0,3003.899902,950.349976,6075.799805,2247.449951,83.5,806.049988,12486.599609,598.700012,857.950012,80.849998,85.75,58.25,145.600006,1012.900024,395.600006,664.200012,236.649994,1484.949951,73.449997,616.25,2134.25,27.0,1368.099976,452.0,745.25,221.25,4196.149902,741.400024,2939.199951,2448.649902,271.399994,164.050003,2886.25,6923.0,535.099976,993.900024,339.649994,155.699997
19,2021-06-28,716.25,118.199997,3454.149902,2982.949951,967.799988,6037.049805,2258.199951,87.800003,804.75,12377.900391,598.400024,871.900024,80.650002,87.349998,56.950001,144.0,1008.900024,408.350006,670.799988,235.300003,1489.949951,80.050003,619.599976,2155.199951,25.65,1372.550049,452.399994,750.900024,229.050003,4183.450195,738.849976,2943.649902,2460.199951,268.149994,164.100006,2936.050049,6869.450195,531.200012,996.200012,342.799988,157.699997
20,2021-06-29,711.0,116.300003,3591.149902,3001.5,967.200012,6052.399902,2242.649902,87.099998,804.349976,12299.900391,607.099976,850.950012,80.550003,86.5,55.849998,143.850006,1018.150024,398.950012,667.549988,236.5,1468.75,77.150002,614.700012,2161.75,25.25,1357.849976,454.850006,745.900024,226.449997,4124.649902,747.549988,2927.5,2492.550049,264.0,162.75,2922.25,6824.700195,524.950012,979.900024,341.549988,157.800003
21,2021-06-30,703.700012,113.449997,3619.850098,2992.699951,965.200012,6015.850098,2239.199951,85.900002,805.099976,12109.049805,615.200012,899.5,79.599998,87.099998,54.200001,143.100006,1016.349976,397.450012,661.650024,242.100006,1481.650024,78.349998,612.700012,2153.949951,24.0,1342.650024,460.100006,745.049988,225.0,4133.850098,761.900024,2902.600098,2471.300049,261.049988,168.75,2901.600098,6776.0,525.650024,979.950012,339.600006,155.199997
22,2021-07-01,703.099976,107.800003,3678.449951,3021.600098,968.049988,5967.149902,2274.899902,86.050003,809.0,11816.450195,617.650024,889.599976,78.949997,86.0,54.200001,142.25,1007.700012,394.799988,663.950012,244.800003,1470.349976,77.949997,614.349976,2169.149902,22.799999,1355.599976,458.299988,744.849976,227.850006,4204.549805,765.650024,2922.5,2478.0,260.049988,167.25,2924.199951,6707.25,522.650024,988.349976,344.25,155.850006
23,2021-07-02,710.400024,109.400002,3733.199951,3005.0,994.200012,5997.75,2298.850098,85.199997,806.900024,11750.450195,613.25,881.349976,79.099998,85.300003,54.0,142.899994,1009.650024,388.149994,662.450012,245.399994,1477.400024,79.0,619.400024,2178.850098,23.049999,1362.199951,464.649994,746.549988,227.449997,4175.350098,771.900024,2919.850098,2487.300049,260.0,173.100006,2950.350098,6719.899902,525.0,987.900024,344.899994,156.0
24,2021-07-05,710.049988,106.800003,3718.100098,3014.800049,1002.599976,6072.700195,2292.550049,86.349998,816.549988,11923.099609,650.200012,880.599976,80.550003,87.25,54.450001,146.600006,1020.549988,394.149994,660.849976,242.949997,1558.599976,81.449997,621.25,2267.149902,21.9,1374.550049,468.899994,749.75,228.800003,4201.5,770.900024,2938.050049,2499.050049,272.399994,176.649994,2938.850098,6719.850098,523.950012,974.150024,346.100006,156.25
25,2021-07-06,712.700012,111.900002,3706.25,3002.5,980.400024,6202.399902,2303.25,85.5,814.099976,12090.799805,695.049988,869.349976,79.199997,86.900002,53.599998,147.399994,1031.050049,391.0,656.849976,237.149994,1535.199951,80.050003,627.099976,2231.199951,20.85,1413.650024,467.25,744.200012,229.949997,4195.399902,767.349976,2919.25,2472.5,262.25,176.449997,2931.899902,6933.049805,526.099976,980.849976,316.899994,147.949997
26,2021-07-07,720.099976,109.800003,3715.600098,3040.100098,965.200012,6198.600098,2291.300049,86.050003,846.150024,12374.150391,687.5,866.950012,78.849998,86.300003,53.950001,146.550003,1044.900024,400.200012,663.849976,235.300003,1561.949951,84.949997,628.049988,2276.5,19.85,1444.349976,470.450012,738.349976,231.100006,4188.25,806.299988,2913.350098,2481.649902,262.950012,177.300003,2949.550049,6925.100098,529.599976,986.549988,317.100006,145.5
27,2021-07-08,711.700012,108.75,3671.399902,3028.300049,951.75,6117.799805,2292.600098,83.5,841.650024,12333.900391,669.5,867.450012,79.800003,86.050003,53.200001,145.649994,1045.449951,386.549988,656.900024,232.050003,1533.25,83.199997,621.099976,2283.449951,20.25,1431.550049,471.25,738.450012,226.899994,4077.300049,808.950012,2900.399902,2447.550049,261.649994,174.5,2945.5,6901.899902,525.299988,983.75,306.350006,140.800003
28,2021-07-09,728.5,109.550003,3725.899902,3010.600098,948.700012,6136.149902,2280.199951,83.650002,844.099976,12854.75,676.5,862.0,79.199997,85.599998,53.75,144.300003,1039.949951,394.75,655.25,236.350006,1534.599976,85.349998,613.349976,2277.800049,21.25,1455.699951,475.200012,739.700012,228.199997,3995.899902,808.0,2896.800049,2451.449951,269.450012,177.600006,3005.050049,6899.549805,536.25,996.400024,306.299988,142.399994
29,2021-07-12,718.049988,108.199997,3747.399902,2999.399902,940.700012,6149.549805,2308.899902,83.300003,839.650024,12908.900391,714.549988,856.75,79.150002,89.5,54.0,142.399994,1049.300049,392.850006,660.25,238.550003,1558.400024,84.349998,625.5,2268.850098,21.25,1452.400024,476.5,738.450012,229.800003,3956.149902,806.25,2898.199951,2444.149902,270.850006,183.75,3012.699951,7093.75,529.650024,987.049988,307.450012,141.399994
30,2021-07-13,704.0,106.75,3750.300049,2993.850098,956.950012,6154.299805,2306.25,84.699997,837.650024,12909.400391,707.450012,862.049988,77.949997,89.25,54.0,143.850006,1055.900024,395.0,651.299988,244.5,1558.75,85.300003,626.25,2248.5,20.299999,1431.800049,474.649994,737.950012,235.75,3966.100098,820.25,2904.100098,2436.699951,279.25,185.050003,3015.449951,7128.850098,530.049988,990.700012,310.950012,145.199997
31,2021-07-14,697.25,105.050003,3754.800049,3001.949951,962.950012,6133.899902,2296.600098,84.25,838.700012,12991.200195,710.200012,859.900024,76.949997,89.849998,53.799999,144.350006,1052.599976,396.049988,647.5,244.199997,1547.199951,84.599998,632.049988,2249.350098,20.6,1420.900024,473.200012,737.299988,240.449997,3953.850098,812.099976,2900.699951,2414.850098,270.450012,186.050003,3011.649902,7118.049805,530.049988,990.099976,309.549988,144.649994
32,2021-07-15,699.099976,104.099998,3762.350098,2983.600098,955.900024,6129.700195,2311.949951,83.699997,841.150024,12958.950195,712.900024,874.150024,77.800003,88.400002,53.400002,143.25,1055.099976,397.0,651.150024,242.199997,1568.550049,83.949997,622.650024,2249.149902,20.049999,1457.900024,480.100006,733.049988,231.149994,3940.0,810.150024,2884.649902,2412.350098,266.100006,188.800003,3001.300049,7189.649902,525.450012,997.450012,310.25,144.800003
33,2021-07-16,687.599976,105.650002,3779.100098,2989.300049,975.549988,6125.450195,2385.25,81.699997,843.849976,12745.700195,719.5,857.5,77.5,87.900002,54.049999,143.350006,1044.300049,405.950012,667.400024,244.149994,1569.199951,88.300003,627.049988,2244.199951,19.9,1449.349976,480.5,727.849976,230.850006,3931.949951,807.349976,2904.699951,2417.399902,275.549988,186.949997,2990.75,7334.549805,541.150024,1003.549988,311.25,144.649994
34,2021-07-19,673.700012,102.150002,3883.75,2981.949951,965.099976,6015.399902,2344.699951,80.150002,835.299988,12721.099609,719.549988,861.599976,77.150002,86.0,52.599998,143.449997,1015.849976,393.450012,659.950012,244.649994,1541.849976,88.949997,626.25,2260.25,20.1,1389.849976,481.100006,722.299988,225.350006,3882.850098,812.049988,2887.100098,2408.649902,270.850006,186.199997,2969.199951,7312.350098,538.450012,1001.099976,308.850006,141.75
35,2021-07-20,672.599976,97.050003,3882.949951,3159.050049,965.5,5941.850098,2318.949951,78.900002,864.950012,12597.150391,694.549988,853.849976,75.75,83.75,51.200001,141.449997,981.549988,380.149994,653.650024,237.899994,1528.349976,85.199997,604.799988,2315.649902,19.1,1395.900024,475.700012,713.349976,221.699997,3905.399902,798.5,2839.0,2434.899902,265.950012,182.850006,2961.5,7424.700195,525.75,997.650024,302.149994,138.399994
36,2021-07-22,691.799988,101.800003,3985.300049,3106.75,972.099976,6195.549805,2331.449951,80.199997,855.700012,13064.599609,701.349976,864.950012,75.949997,84.25,52.150002,142.75,992.150024,394.399994,674.650024,237.149994,1604.650024,85.0,635.400024,2310.399902,18.799999,1395.300049,473.0,721.799988,226.449997,3853.199951,801.200012,2838.25,2378.149902,275.200012,196.449997,3013.550049,7459.0,546.700012,976.75,302.549988,135.699997
37,2021-07-23,680.049988,100.449997,3918.899902,3083.75,963.700012,6180.899902,2333.050049,79.849998,854.25,13201.200195,703.799988,858.299988,74.849998,85.400002,51.150002,143.75,989.299988,397.700012,683.450012,235.949997,1567.050049,82.449997,645.049988,2306.600098,17.9,1385.599976,473.450012,723.25,226.800003,3841.899902,788.900024,2835.0,2358.100098,283.649994,195.449997,3043.199951,7490.299805,548.299988,991.150024,295.549988,133.649994
38,2021-07-26,682.799988,97.949997,4100.350098,3061.199951,952.799988,6162.450195,2335.699951,79.75,849.75,13525.049805,703.450012,851.900024,75.800003,87.25,51.200001,143.449997,981.299988,403.799988,657.650024,230.600006,1556.800049,83.550003,646.799988,2321.300049,18.75,1370.400024,467.399994,724.200012,222.25,3836.350098,783.700012,2810.25,2348.699951,285.149994,194.350006,3079.199951,7616.700195,544.049988,1004.650024,293.149994,133.649994
39,2021-07-27,663.200012,94.75,4078.25,3028.649902,905.400024,6231.450195,2315.850098,80.0,843.599976,13807.849609,682.299988,845.650024,75.150002,86.300003,50.75,141.5,975.799988,419.799988,644.5,230.5,1560.449951,87.150002,653.799988,2300.649902,18.15,1365.699951,458.299988,718.299988,221.75,3821.399902,780.349976,2793.850098,2342.399902,277.399994,209.5,3002.850098,7596.25,540.549988,993.950012,291.399994,135.399994
40,2021-07-28,665.400024,97.050003,4028.399902,3004.100098,915.099976,6262.0,2359.899902,78.050003,850.349976,13970.549805,796.049988,836.599976,73.800003,85.550003,50.700001,140.399994,992.75,419.700012,635.950012,228.899994,1546.150024,85.5,652.599976,2295.949951,17.700001,1372.949951,454.600006,713.400024,220.899994,3818.5,778.0,2777.699951,2361.399902,273.899994,208.350006,3084.699951,7654.649902,567.900024,972.799988,284.450012,134.0
41,2021-07-29,659.650024,95.400002,4038.75,2997.449951,908.25,6400.100098,2307.5,80.599998,845.5,14599.049805,770.200012,842.049988,74.650002,85.900002,51.950001,140.75,992.049988,437.600006,638.0,238.449997,1563.050049,92.949997,636.349976,2296.5,17.35,1371.0,452.200012,694.849976,216.300003,3763.75,785.200012,2745.699951,2334.75,280.75,208.600006,3037.399902,7700.450195,567.150024,972.200012,292.899994,137.850006
42,2021-07-30,674.5,95.849998,4035.0,2958.449951,916.599976,6228.100098,2373.850098,80.300003,843.549988,14222.200195,795.75,852.400024,75.050003,87.449997,52.0,138.399994,981.0,431.75,640.75,234.350006,1554.75,93.5,632.950012,2278.800049,18.15,1390.099976,455.200012,719.849976,223.449997,3829.600098,771.650024,2763.300049,2333.300049,275.450012,207.350006,3071.100098,7619.200195,561.650024,994.25,293.950012,139.75
43,2021-08-02,692.0,92.849998,4048.149902,2974.050049,918.299988,6200.5,2499.399902,80.75,841.049988,14125.150391,822.599976,860.450012,74.599998,86.550003,51.849998,138.149994,988.0,424.5,651.25,234.5,1584.650024,95.0,633.849976,2262.550049,18.5,1375.849976,465.399994,720.450012,228.600006,3841.550049,785.299988,2782.199951,2332.800049,287.0,212.800003,3076.350098,7642.049805,565.150024,1000.450012,296.850006,141.0
44,2021-08-03,705.049988,91.849998,4092.699951,3027.0,916.900024,6331.899902,2519.699951,82.650002,845.799988,14295.0,810.099976,909.700012,74.900002,89.150002,51.700001,139.699997,1022.049988,421.75,652.599976,236.699997,1585.400024,94.449997,651.0,2264.149902,18.1,1338.349976,464.450012,724.450012,229.550003,3828.199951,812.200012,2819.100098,2386.850098,285.299988,212.25,3101.5,7843.25,580.200012,1028.400024,303.700012,145.25
45,2021-08-04,694.700012,90.25,4066.399902,3018.600098,906.549988,6359.149902,2496.449951,83.5,842.200012,14187.200195,780.799988,894.650024,73.849998,87.75,49.75,139.949997,1020.549988,415.950012,643.049988,236.5,1592.300049,93.349998,669.75,2264.300049,17.200001,1321.5,471.75,721.150024,225.449997,3832.0,790.849976,2805.5,2377.100098,271.149994,211.100006,3073.800049,7750.0,574.400024,1034.449951,298.149994,141.350006
46,2021-08-05,693.549988,88.150002,4073.75,2988.399902,908.099976,6248.25,2497.25,82.449997,838.200012,13994.900391,763.799988,905.349976,73.900002,85.949997,47.799999,139.850006,997.700012,425.350006,646.599976,236.899994,1584.150024,96.599998,650.5,2249.0,16.35,1331.949951,473.200012,717.799988,222.399994,3818.75,781.200012,2818.800049,2357.699951,270.25,212.300003,3056.699951,7659.0,598.700012,1016.950012,299.700012,140.300003
47,2021-08-06,710.700012,92.550003,4088.050049,2966.449951,901.299988,6224.299805,2449.199951,83.400002,827.799988,14005.650391,792.450012,900.900024,73.900002,87.150002,49.200001,141.0,1029.5,421.700012,647.849976,236.149994,1547.199951,94.199997,650.950012,2223.300049,17.1,1315.949951,475.049988,731.299988,223.350006,3847.850098,779.599976,2833.800049,2371.5,271.100006,207.449997,3063.949951,7527.649902,607.900024,1028.400024,300.049988,142.100006
48,2021-08-09,699.900024,90.349998,4003.699951,2992.550049,887.700012,6193.149902,2343.850098,81.150002,812.849976,14242.900391,776.049988,908.900024,74.75,87.75,47.400002,140.600006,1042.800049,418.149994,643.150024,230.899994,1499.199951,82.75,651.900024,2231.800049,16.35,1302.75,456.399994,728.599976,222.949997,3855.149902,775.099976,2836.300049,2384.5,267.399994,200.899994,3073.5,7495.649902,599.25,1033.949951,298.100006,141.300003
49,2021-08-10,693.0,85.849998,4062.800049,2977.149902,879.5,6170.100098,2319.0,78.099998,811.0,14036.5,759.650024,945.049988,73.150002,86.400002,45.849998,138.75,1033.599976,400.450012,637.299988,223.199997,1475.0,78.300003,658.700012,2222.350098,15.55,1275.5,456.450012,723.400024,215.350006,3797.949951,750.799988,2797.050049,2381.800049,252.850006,191.5,3026.649902,7474.149902,622.200012,1008.349976,294.200012,136.899994
50,2021-08-11,699.150024,83.400002,4026.350098,2972.600098,856.5,6167.799805,2289.75,80.650002,818.400024,14206.200195,765.150024,944.75,72.75,85.199997,46.900002,136.25,1041.199951,421.350006,646.049988,224.399994,1443.300049,82.349998,656.400024,2260.25,15.15,1295.0,457.200012,719.299988,213.5,3727.149902,782.700012,2781.600098,2390.449951,246.949997,168.25,2902.050049,7452.450195,620.849976,1014.75,295.450012,136.100006
51,2021-08-12,704.049988,85.0,4133.100098,2975.5,826.200012,6199.5,2299.850098,81.550003,814.950012,14340.700195,765.400024,948.900024,71.949997,85.599998,45.900002,136.350006,1035.349976,424.25,655.950012,223.699997,1448.449951,84.550003,669.599976,2220.800049,15.9,1309.400024,468.350006,729.5,224.5,3769.350098,827.5,2782.949951,2392.300049,248.350006,166.800003,2911.850098,7468.700195,623.150024,1030.949951,306.0,143.75
52,2021-08-13,704.150024,84.949997,4064.100098,2988.699951,761.299988,6156.549805,2292.100098,80.949997,811.150024,14317.5,788.75,975.549988,70.75,85.300003,45.5,135.050003,1024.150024,424.25,660.5,221.449997,1451.199951,83.75,671.400024,2206.699951,15.55,1295.050049,464.25,729.25,225.100006,3825.75,819.700012,2772.199951,2404.5,249.649994,165.699997,2963.75,7460.700195,637.049988,1013.150024,307.25,142.25
53,2021-08-16,706.900024,83.050003,4345.100098,2971.399902,738.049988,6377.149902,2284.350098,79.5,815.049988,14549.299805,815.549988,984.0,70.949997,84.800003,44.849998,135.949997,1019.0,430.299988,656.650024,218.5,1474.0,83.199997,671.799988,2218.899902,14.8,1296.650024,459.950012,720.400024,225.949997,3748.449951,804.349976,2747.350098,2426.399902,254.350006,170.100006,2954.850098,7346.649902,634.049988,1046.300049,303.700012,140.300003
54,2021-08-17,692.650024,79.949997,4920.5,3015.300049,731.450012,6410.100098,2301.899902,78.050003,814.950012,14737.25,810.599976,1019.700012,71.650002,83.25,44.150002,133.449997,1000.200012,414.950012,660.200012,216.149994,1473.900024,80.699997,676.299988,2216.100098,14.5,1280.349976,456.149994,711.200012,222.149994,3807.449951,810.799988,2782.600098,2483.800049,248.949997,168.949997,3008.050049,7409.049805,626.349976,1051.650024,297.700012,137.75
55,2021-08-18,705.400024,77.300003,4787.899902,3001.550049,721.650024,6544.100098,2276.699951,78.75,813.700012,15006.349609,789.450012,1030.0,71.150002,83.25,44.650002,131.899994,989.650024,408.0,724.450012,214.300003,1479.400024,78.650002,680.700012,2225.300049,14.55,1293.849976,460.100006,711.5,220.25,3833.050049,802.900024,2763.600098,2486.050049,241.350006,165.5,3052.25,7601.450195,622.950012,1106.949951,293.350006,135.850006
56,2021-08-20,687.200012,77.449997,4746.5,3112.949951,681.099976,6661.100098,2236.199951,74.150002,819.25,14978.549805,766.950012,992.049988,70.099998,79.900002,41.799999,130.350006,979.450012,376.850006,703.900024,203.300003,1457.949951,73.300003,666.200012,2267.199951,13.9,1254.5,453.100006,697.25,211.550003,3751.5,752.849976,2697.5,2619.399902,224.149994,158.300003,3036.100098,7493.350098,613.700012,1075.199951,283.100006,132.800003
57,2021-08-23,668.299988,73.599998,4743.25,3077.449951,682.950012,6752.200195,2279.850098,73.199997,795.450012,15271.900391,743.599976,975.5,67.849998,78.25,40.950001,127.650002,988.599976,363.600006,701.849976,199.899994,1458.25,74.75,681.450012,2227.300049,13.25,1245.699951,453.549988,680.5,205.350006,3668.25,719.650024,2680.600098,2634.149902,218.75,158.449997,3061.949951,7351.0,622.650024,1083.949951,276.950012,131.199997
58,2021-08-24,695.400024,77.25,4840.75,3045.949951,688.200012,6980.100098,2287.449951,75.5,790.950012,16461.699219,765.150024,996.25,68.050003,80.099998,42.900002,130.149994,1005.049988,372.75,692.849976,208.75,1503.050049,80.400002,669.0,2208.149902,13.9,1279.550049,460.450012,685.950012,209.0,3714.75,741.0,2675.850098,2633.0,224.899994,163.5,3056.550049,7455.350098,620.099976,1088.449951,279.799988,134.699997
59,2021-08-25,720.75,81.099998,4771.649902,3038.050049,696.700012,6944.950195,2275.0,75.099998,784.5,15904.400391,753.849976,989.700012,69.300003,80.449997,42.549999,133.300003,1005.549988,375.399994,683.650024,211.399994,1481.0,81.199997,655.400024,2214.850098,14.55,1267.349976,472.649994,675.349976,207.5,3689.649902,731.099976,2673.949951,2645.0,223.350006,162.399994,3054.25,7382.350098,612.450012,1087.25,284.399994,138.600006
60,2021-08-26,721.700012,85.150002,4700.399902,3039.649902,699.099976,6931.950195,2272.300049,74.099998,786.549988,15958.799805,756.599976,981.099976,69.5,78.199997,42.200001,135.149994,1001.5,371.25,684.400024,213.300003,1485.400024,78.800003,651.849976,2227.699951,15.15,1265.449951,473.149994,666.299988,208.850006,3691.399902,727.099976,2647.550049,2666.399902,219.0,161.399994,3052.75,7307.100098,586.900024,1163.349976,284.299988,139.350006
61,2021-08-27,727.0,89.400002,4765.100098,3036.800049,710.0,6966.600098,2290.850098,74.550003,785.849976,16195.599609,747.099976,980.0,70.599998,77.949997,42.5,133.649994,990.200012,371.5,700.450012,214.25,1491.699951,85.0,656.150024,2225.199951,14.8,1281.400024,488.149994,682.849976,208.949997,3699.449951,729.450012,2674.050049,2677.949951,220.0,160.350006,3046.899902,7565.600098,595.150024,1185.050049,285.75,136.600006
62,2021-08-30,730.0,93.849998,4757.549805,3108.75,716.049988,7165.5,2272.649902,76.949997,810.650024,16560.400391,763.0,999.400024,71.800003,81.349998,43.450001,133.100006,1005.099976,381.450012,708.650024,218.649994,1503.199951,87.949997,659.0,2262.149902,15.1,1334.949951,490.850006,694.0,212.449997,3720.399902,759.799988,2726.25,2687.699951,227.949997,160.449997,3092.399902,7703.799805,620.450012,1166.199951,291.950012,139.699997
63,2021-08-31,748.299988,98.5,4969.549805,3201.350098,727.299988,7524.5,2294.899902,77.349998,820.799988,17148.75,777.5,999.150024,73.099998,81.25,42.950001,134.0,992.400024,376.950012,715.150024,218.600006,1514.0,90.75,659.099976,2280.350098,14.75,1352.699951,481.5,699.25,212.949997,3727.850098,767.200012,2741.850098,2724.100098,224.0,160.399994,3105.899902,7832.450195,664.049988,1175.199951,287.299988,136.550003
64,2021-09-01,744.75,103.400002,5039.049805,3302.75,729.900024,7519.600098,2329.699951,78.349998,828.650024,16786.300781,827.099976,1005.950012,72.25,82.400002,44.450001,133.949997,998.75,370.799988,735.700012,217.199997,1525.050049,88.5,658.450012,2313.800049,14.3,1329.900024,487.850006,712.099976,218.699997,3758.300049,781.049988,2740.850098,2732.899902,232.100006,164.149994,3167.5,7766.950195,666.400024,1159.349976,295.25,139.449997
65,2021-09-02,753.849976,108.550003,5043.5,3301.600098,746.849976,7498.450195,2389.050049,78.400002,834.049988,16703.25,821.349976,1040.300049,71.949997,82.800003,44.900002,134.600006,1010.099976,377.75,748.049988,217.699997,1525.150024,89.550003,676.099976,2340.699951,14.8,1343.050049,485.049988,720.200012,221.649994,3720.949951,781.400024,2730.350098,2801.050049,232.800003,165.100006,3143.149902,7952.75,666.5,1200.650024,293.149994,140.399994
66,2021-09-03,754.900024,103.150002,5014.549805,3338.800049,757.900024,7523.399902,2411.149902,79.199997,831.349976,16734.349609,849.349976,1025.949951,71.900002,82.849998,45.650002,136.050003,1003.75,392.600006,752.950012,218.649994,1507.0,93.900002,697.75,2327.399902,14.85,1350.050049,486.25,721.650024,223.050003,3757.5,791.299988,2799.449951,2766.699951,230.649994,163.649994,3189.649902,7929.850098,658.450012,1198.25,295.549988,140.25
67,2021-09-06,751.200012,98.0,4995.5,3315.550049,754.75,7506.350098,2454.149902,78.900002,834.950012,16747.0,867.950012,1047.300049,73.0,82.400002,45.150002,135.75,991.950012,390.299988,749.299988,214.350006,1525.0,99.199997,693.950012,2341.399902,15.55,1346.449951,478.850006,720.349976,221.699997,3781.100098,788.150024,2817.199951,2780.600098,231.100006,168.300003,3130.5,7952.600098,654.599976,1178.75,297.450012,139.649994
68,2021-09-07,745.5,93.099998,4877.049805,3336.25,746.299988,7457.299805,2474.350098,78.099998,833.900024,16781.199219,878.650024,1039.449951,72.349998,81.550003,46.400002,134.949997,1001.25,399.850006,752.650024,212.0,1531.150024,96.300003,702.099976,2335.75,16.299999,1344.800049,471.700012,719.700012,218.25,3770.699951,777.200012,2797.75,2777.699951,226.350006,163.899994,3094.550049,8026.25,670.549988,1182.150024,294.600006,138.699997
69,2021-09-08,746.849976,97.75,4811.399902,3336.600098,743.25,7463.200195,2476.699951,79.349998,831.200012,16560.75,869.700012,1041.550049,72.0,83.099998,46.150002,135.75,999.599976,395.799988,748.099976,211.050003,1544.949951,96.400002,717.150024,2313.300049,17.1,1365.050049,482.549988,720.599976,214.800003,3725.350098,772.400024,2798.350098,2800.899902,229.75,164.800003,3100.550049,7992.899902,667.849976,1196.449951,295.25,138.550003
70,2021-09-09,749.700012,102.550003,4719.549805,3346.350098,741.75,7430.649902,2456.199951,79.150002,836.549988,16750.5,854.950012,1044.0,71.800003,82.400002,46.900002,137.649994,999.5,400.350006,755.400024,212.649994,1538.900024,97.949997,696.700012,2348.25,17.950001,1348.349976,477.450012,721.349976,214.949997,3700.600098,773.849976,2796.699951,2810.649902,227.449997,165.050003,3108.350098,7939.649902,686.150024,1188.25,298.950012,140.949997
71,2021-09-13,745.099976,100.550003,4745.850098,3367.050049,736.150024,7445.549805,2448.600098,78.25,839.299988,16938.199219,848.599976,1044.150024,72.599998,82.099998,46.849998,138.899994,996.299988,403.5,754.599976,213.25,1544.550049,100.75,693.400024,2397.0,18.799999,1341.699951,480.75,718.049988,214.899994,3699.550049,774.5,2789.800049,2786.350098,228.949997,165.300003,3126.050049,7944.450195,693.299988,1172.699951,301.200012,140.949997
72,2021-09-14,755.400024,99.199997,4732.450195,3362.5,748.049988,7417.549805,2472.5,78.650002,834.849976,16831.25,846.450012,1038.650024,73.0,82.349998,47.950001,138.449997,1036.599976,401.100006,758.900024,221.949997,1542.400024,98.150002,689.900024,2408.850098,19.700001,1352.800049,482.25,736.700012,221.050003,3751.050049,780.049988,2851.699951,2762.550049,239.300003,166.199997,3133.100098,7856.450195,681.406616,1163.699951,306.100006,143.149994
73,2021-09-15,765.950012,99.5,4792.049805,3352.300049,759.0,7414.149902,2500.75,81.300003,837.450012,16828.900391,842.75,1041.300049,73.75,83.650002,48.650002,137.949997,1053.949951,401.899994,752.549988,228.25,1542.349976,96.0,695.5,2400.75,20.65,1366.800049,488.899994,742.25,222.399994,3779.100098,787.549988,2874.949951,2775.449951,235.75,167.699997,3122.449951,7820.850098,712.129761,1149.75,311.950012,161.5
74,2021-09-16,769.650024,98.550003,4880.75,3342.100098,754.75,7411.5,2510.649902,85.900002,833.700012,16733.0,835.25,1032.050049,73.599998,85.900002,50.950001,141.649994,1130.949951,395.100006,743.099976,224.300003,1553.5,96.400002,699.700012,2401.050049,21.65,1406.400024,495.0,737.349976,221.949997,3813.5,778.450012,2920.399902,2768.25,241.850006,168.050003,3114.25,7765.450195,705.356934,1180.199951,311.649994,157.0
75,2021-09-17,767.099976,100.449997,4908.25,3303.050049,746.200012,7428.799805,2490.100098,82.300003,818.75,16840.199219,850.0,1007.700012,73.599998,83.300003,49.150002,136.449997,1130.0,386.600006,741.75,223.0,1513.5,94.150002,703.549988,2368.449951,21.049999,1360.800049,481.899994,728.450012,223.600006,3822.199951,761.549988,2932.100098,2722.25,228.75,163.75,3097.199951,7711.850098,714.730896,1155.0,308.600006,146.550003
76,2021-09-20,748.900024,95.449997,4878.100098,3271.550049,712.400024,7442.450195,2480.100098,78.25,813.549988,17018.949219,844.900024,984.200012,73.150002,79.699997,47.849998,137.75,1089.949951,351.100006,738.0,216.399994,1475.449951,85.75,678.549988,2361.449951,20.6,1320.099976,484.5,729.200012,218.0,3776.050049,740.099976,2889.5,2800.350098,215.600006,161.399994,3057.850098,7576.0,711.589905,1140.449951,298.950012,146.899994
77,2021-09-21,749.599976,94.550003,4891.600098,3309.199951,726.400024,7813.850098,2535.399902,78.650002,815.299988,17587.25,842.900024,990.650024,72.400002,80.050003,48.5,137.449997,1137.550049,361.600006,746.849976,220.100006,1479.099976,88.599998,692.299988,2430.75,19.9,1323.75,491.0,727.549988,219.550003,3728.800049,739.0,2850.449951,2812.449951,208.449997,166.350006,3043.600098,7592.700195,713.258545,1123.849976,301.950012,149.649994
78,2021-09-22,745.299988,95.900002,4904.899902,3317.5,731.099976,7793.649902,2692.199951,79.699997,812.0,17614.75,911.549988,1022.200012,73.900002,81.099998,48.5,139.199997,1141.400024,365.950012,773.5,224.800003,1543.5,90.75,687.849976,2418.0,20.75,1346.5,492.950012,735.75,232.550003,3757.149902,740.849976,2847.199951,2784.5,220.899994,171.350006,3085.5,7625.600098,713.35675,1178.949951,310.100006,153.300003
79,2021-09-23,754.5,97.050003,5084.200195,3320.649902,733.450012,7899.049805,2648.550049,79.650002,821.099976,18503.849609,939.349976,1027.800049,74.050003,81.849998,48.5,141.149994,1169.150024,371.149994,829.150024,227.550003,1519.949951,91.050003,685.75,2435.0,21.200001,1383.099976,495.149994,736.299988,236.949997,3799.199951,764.299988,2853.050049,2782.300049,229.649994,174.0,3101.050049,7619.700195,713.405823,1167.0,321.5,164.75
80,2021-09-24,744.799988,95.849998,4731.799805,3448.600098,721.549988,7793.399902,2656.199951,77.849998,840.099976,18526.0,954.75,994.799988,73.449997,80.849998,47.099998,139.100006,1163.050049,359.149994,827.700012,224.699997,1505.050049,88.5,673.5,2451.949951,21.4,1355.699951,498.549988,735.799988,228.800003,3809.800049,749.799988,2833.449951,2746.649902,225.850006,173.0,3100.100098,7521.5,725.773621,1242.150024,317.950012,161.300003
81,2021-09-27,750.25,97.0,4565.549805,3430.649902,722.0,7795.450195,2628.800049,78.0,830.700012,18031.099609,946.150024,998.400024,72.550003,81.599998,46.849998,137.149994,1150.699951,357.799988,821.650024,233.5,1493.300049,90.050003,663.650024,2405.550049,21.9,1324.150024,494.899994,762.849976,231.850006,3913.399902,780.650024,2912.949951,2709.5,233.0,172.899994,3088.550049,7622.899902,722.549988,1227.650024,331.649994,172.25
82,2021-09-28,738.700012,96.0,4411.049805,3379.699951,725.049988,7543.299805,2545.949951,79.449997,819.299988,17550.349609,924.650024,1001.5,73.849998,80.900002,46.25,139.100006,1134.75,361.399994,826.950012,230.850006,1463.449951,89.0,664.0,2411.0,21.15,1313.199951,503.25,753.349976,226.399994,3908.699951,755.900024,2920.550049,2723.850098,226.399994,169.449997,3107.850098,7588.299805,696.150024,1194.650024,329.299988,171.899994
83,2021-09-29,742.0,98.300003,4423.5,3323.050049,727.950012,7515.399902,2504.949951,81.699997,817.150024,17433.75,924.150024,996.950012,75.300003,81.349998,48.299999,139.449997,1123.199951,382.5,827.150024,229.850006,1469.5,94.400002,673.0,2402.25,22.200001,1300.349976,516.400024,756.549988,224.699997,3899.25,744.200012,2886.149902,2685.300049,228.550003,173.25,3134.850098,7464.549805,694.099976,1187.800049,330.25,180.300003
84,2021-09-30,737.900024,97.099998,4481.600098,3244.649902,724.799988,7668.100098,2533.649902,81.75,809.0,17786.75,936.799988,991.950012,78.75,84.300003,47.650002,140.199997,1111.900024,389.25,853.099976,225.949997,1450.300049,93.400002,671.849976,2381.949951,21.65,1298.849976,505.049988,749.799988,225.699997,3832.649902,737.450012,2832.5,2701.800049,231.649994,169.149994,3085.5,7396.100098,688.299988,1197.0,333.350006,189.300003
85,2021-10-01,734.950012,96.949997,4459.399902,3177.850098,717.299988,7522.75,2541.399902,82.449997,810.400024,17177.800781,916.299988,918.099976,78.199997,83.150002,47.349998,140.100006,1104.050049,401.700012,865.150024,224.899994,1533.800049,95.5,667.799988,2417.25,20.950001,1294.550049,501.399994,766.799988,224.25,3852.600098,727.599976,2847.949951,2704.050049,234.449997,179.550003,3080.550049,7483.549805,675.900024,1199.349976,333.299988,186.550003
86,2021-10-04,744.200012,101.75,4548.25,3201.600098,732.150024,7695.049805,2520.800049,84.349998,820.799988,17806.199219,920.849976,893.299988,78.849998,85.050003,47.650002,140.600006,1119.800049,418.399994,866.799988,226.399994,1520.849976,105.050003,676.5,2421.0,21.1,1350.75,502.600006,766.049988,228.100006,3825.949951,741.950012,2855.550049,2686.199951,239.300003,182.649994,3129.550049,7515.600098,681.400024,1196.900024,342.0,188.850006
87,2021-10-05,743.950012,106.5,4482.399902,3254.75,724.0,7724.200195,2537.199951,83.349998,825.450012,17847.5,932.349976,899.849976,77.650002,85.75,47.950001,141.199997,1168.599976,421.149994,882.349976,226.550003,1521.0,102.400002,678.900024,2436.350098,20.950001,1335.25,515.150024,765.5,225.25,3864.0,722.900024,2844.550049,2708.649902,241.850006,184.300003,3129.300049,7464.0,699.25,1204.5,344.950012,188.300003
88,2021-10-06,724.0,101.550003,4378.75,3212.25,715.349976,7735.149902,2508.25,82.300003,821.099976,17616.599609,924.200012,882.599976,76.199997,84.400002,47.0,144.550003,1131.849976,409.649994,873.650024,223.75,1501.099976,96.650002,678.650024,2415.649902,20.700001,1303.199951,505.700012,749.700012,222.300003,3770.050049,721.650024,2798.149902,2686.050049,241.399994,184.300003,3064.949951,7363.0,691.400024,1225.550049,336.049988,179.199997
89,2021-10-07,736.150024,101.949997,4428.299805,3290.850098,719.599976,7747.899902,2551.649902,84.0,829.549988,17470.25,932.650024,896.900024,77.650002,85.449997,47.799999,144.350006,1166.699951,407.600006,902.700012,236.0,1544.5,96.550003,681.650024,2460.5,22.75,1343.199951,510.049988,758.700012,228.149994,3828.550049,741.5,2841.649902,2669.399902,243.300003,194.050003,3074.25,7354.600098,692.5,1250.949951,376.5,193.149994
